Decile,Impressions,Conversions,Conversion_Rate,Average_Score,Lift
1,12352,3229,0.2614151554404145,0.24978775,5.266293796053015
2,12351,1086,0.08792810298761233,0.083611324,1.7713403895128017
3,12351,616,0.04987450408873775,0.048709206,1.0047381951564327
4,12351,433,0.03505789004938872,0.03299815,0.706252659907038
5,12351,302,0.024451461420127926,0.02390289,0.49258268658643295
6,12351,198,0.01603109059995142,0.017680578,0.32295156272885334
7,12351,126,0.010201603109059995,0.013015543,0.20551463082745217
8,12351,72,0.005829487490891426,0.009173477,0.11743693190140123
9,12351,44,0.0035624645777669823,0.0059342426,0.07176701393974519
10,12351,25,0.002024127601003967,0.0034010715,0.040776712465764316
